Date,X,Y,Z,Equipo1,Equipo2
2010-01-31,71.46,542.5,2061.25,442.68,895.13
2010-02-28,77.59,565.0,2050.25,465.84,917.12
2010-03-31,82.7,645.0,2287.5,543.04,1009.15
2010-04-30,87.44,705.0,2183.5,566.26,1009.7
2010-05-31,74.65,645.0,1952.5,543.91,869.01
2010-06-30,75.01,635.0,1923.75,532.98,869.51
2010-07-31,78.18,625.0,2126.5,501.76,960.29
2010-08-31,74.64,622.5,2044.5,518.39,919.99
2010-09-30,82.31,635.0,2313.5,537.06,1036.67
2010-10-31,83.15,600.0,2301.0,488.41,968.19
2010-11-30,85.92,615.0,2244.75,515.98,970.1
2010-12-31,94.75,625.0,2458.5,521.13,1035.18
2011-01-31,101.01,705.0,2454.5,594.57,1057.67
2011-02-28,111.8,765.0,2531.25,618.58,1117.02
2011-03-31,117.36,717.5,2599.0,603.21,1152.37
2011-04-30,125.89,692.5,2740.25,567.82,1161.79
2011-05-31,116.73,712.5,2648.5,609.06,1175.34
2011-06-30,112.48,685.0,2508.5,563.04,1117.09
2011-07-31,116.74,695.0,2581.0,562.34,1107.86
2011-08-31,114.85,705.0,2402.25,574.4,1078.8
2011-09-30,102.76,692.5,2206.5,571.94,984.04
2011-10-31,109.56,615.0,2186.5,525.97,950.2
2011-11-30,110.52,607.5,1976.75,503.63,915.74
2011-12-31,107.38,610.0,1970.25,505.7,886.75
2012-01-31,110.98,625.0,2257.25,514.28,1026.43
2012-02-29,122.66,642.5,2301.25,546.78,1043.57
2012-03-31,122.88,647.5,2098.25,541.25,959.88
2012-04-30,119.47,645.0,2057.5,529.17,927.79
2012-05-31,101.87,615.0,1973.25,511.9,888.99
2012-06-30,97.8,595.0,1834.25,484.25,861.23
2012-07-31,104.92,560.0,1862.25,461.84,818.42
2012-08-31,114.57,515.0,1848.75,426.75,813.83
2012-09-30,112.39,517.5,2093.75,441.23,898.69
2012-10-31,108.7,532.5,1882.25,452.18,836.85
2012-11-30,111.23,542.5,2078.5,446.37,913.6
2012-12-31,111.11,555.0,2039.75,474.54,919.73
2013-01-31,115.55,590.0,2073.25,507.95,899.71
2013-02-28,111.38,615.0,1959.75,517.09,911.48
2013-03-31,110.02,587.5,1881.25,504.25,837.93
2013-04-30,102.37,537.5,1846.25,452.23,808.72
2013-05-31,100.39,515.0,1875.25,436.53,805.52
2013-06-30,102.16,497.5,1730.75,406.55,778.99
2013-07-31,107.7,520.0,1731.75,435.58,803.77
2013-08-31,114.01,532.5,1775.25,439.02,803.3
2013-09-30,108.37,535.0,1802.75,444.2,797.43
2013-10-31,108.84,517.5,1832.75,443.6,837.48
2013-11-30,109.69,522.5,1710.5,452.81,781.74
2013-12-31,110.8,530.0,1764.25,438.93,819.95
2014-01-31,106.4,527.5,1663.25,439.31,787.11
2014-02-28,109.07,527.5,1723.75,441.89,805.51
2014-03-31,107.76,517.5,1730.25,428.25,777.24
2014-04-30,108.07,517.5,1769.25,445.48,786.41
2014-05-31,109.41,507.5,1823.25,430.25,823.0
2014-06-30,112.36,502.5,1850.25,432.77,815.25
2014-07-31,106.02,507.5,2016.25,438.28,889.85
2014-08-31,103.19,502.5,2113.75,422.35,902.7
2014-09-30,94.67,482.5,1934.5,402.45,812.6
2014-10-31,85.86,475.0,2056.75,399.95,858.59
2014-11-30,70.15,462.5,2071.25,379.23,874.99
2014-12-31,57.33,457.5,1831.25,369.15,772.12
2015-01-31,52.99,395.0,1837.25,327.53,755.0
2015-02-28,62.58,375.0,1794.25,307.42,724.71
2015-03-31,55.11,375.0,1788.75,310.77,722.31
2015-04-30,66.78,362.5,1909.25,310.1,763.69
2015-05-31,65.56,357.5,1705.25,297.87,707.95
2015-06-30,63.59,342.5,1646.25,285.9,696.64
2015-07-31,52.21,307.5,1593.5,250.19,666.62
2015-08-31,54.15,297.5,1577.25,242.96,636.86
2015-09-30,48.37,275.0,1561.0,227.26,616.68
2015-10-31,49.56,265.0,1447.25,222.98,591.4
2015-11-30,44.61,262.5,1441.75,216.39,575.14
2015-12-31,37.28,267.5,1507.0,223.23,601.36
2016-01-31,34.74,272.5,1529.25,224.3,595.26
2016-02-29,35.97,292.5,1621.25,243.98,642.81
2016-03-31,39.6,357.5,1491.25,294.5,632.54
2016-04-30,48.13,437.5,1672.75,366.0,718.1
2016-05-31,49.69,347.5,1547.75,295.49,665.48
2016-06-30,49.68,327.5,1634.75,270.35,668.01
2016-07-31,42.46,367.5,1615.75,310.9,661.13
2016-08-31,47.04,395.0,1600.75,318.02,700.0
2016-09-30,49.06,377.5,1658.25,302.66,706.61
2016-10-31,48.3,415.0,1722.75,334.49,740.68
2016-11-30,50.47,475.0,1722.25,393.29,739.29
2016-12-31,56.82,490.0,1713.25,395.75,756.56
2017-01-31,55.7,500.0,1820.0,406.03,791.82
2017-02-28,55.59,515.0,1894.75,426.82,808.88
2017-03-31,52.83,475.0,1946.25,390.7,847.36
2017-04-30,51.73,422.5,1929.75,346.29,792.17
2017-05-31,50.31,445.0,1919.25,364.93,784.22
2017-06-30,47.92,455.0,1908.25,368.42,817.12
2017-07-31,52.65,500.0,1903.5,408.59,826.69
2017-08-31,52.38,555.0,2113.25,445.92,886.92
2017-09-30,57.54,572.5,2110.25,462.38,893.34
2017-10-31,61.37,545.14,2139.75,436.34,921.48
2017-11-30,63.57,560.63,2032.75,467.38,865.9
2017-12-31,66.87,571.88,2241.25,478.97,958.73
2018-01-31,69.05,577.1,2224.25,479.96,942.06
2018-02-28,65.78,601.3,2158.25,506.24,961.01
2018-03-31,70.27,573.25,1996.75,483.49,904.52
2018-04-30,75.17,585.83,2223.5,493.22,942.8
2018-05-31,77.59,589.61,2285.25,477.7,987.96
2018-06-30,79.44,591.46,2182.75,490.83,930.75
2018-07-31,74.25,574.87,2060.75,469.18,913.68
2018-08-31,77.42,574.21,2111.75,462.86,908.3
2018-09-30,82.72,560.0,2011.25,459.44,911.16
2018-10-31,75.47,532.0,1945.75,437.04,875.9
2018-11-30,58.71,477.5,1934.75,388.86,820.3
2018-12-31,53.8,482.71,1869.0,392.39,819.34
2019-01-31,61.89,497.4,1880.25,414.45,801.39
2019-02-28,66.03,526.88,1892.75,422.81,815.92
2019-03-31,68.39,530.0,1899.75,434.29,856.92
2019-04-30,72.8,529.17,1808.5,430.48,789.61
2019-05-31,64.49,500.94,1760.75,416.2,770.76
2019-06-30,66.55,503.15,1773.25,410.1,787.78
2019-07-31,65.17,503.25,1776.25,421.17,786.86
2019-08-31,60.43,462.0,1712.25,381.51,734.29
2019-09-30,60.78,452.2,1703.25,363.13,721.27
2019-10-31,60.23,431.75,1742.25,363.21,733.07
2019-11-30,62.43,457.37,1785.25,385.07,764.61
2019-12-31,66.0,484.47,1799.75,410.12,777.59
2020-01-31,58.16,495.95,1709.25,403.92,735.33
2020-02-29,50.52,463.68,1662.75,390.42,706.62
2020-03-31,22.74,421.58,1489.0,338.94,645.48
2020-04-30,25.27,405.88,1460.5,322.57,620.84
2020-05-31,35.33,427.54,1515.0,347.29,654.01
2020-06-30,41.15,445.37,1602.0,360.01,712.63
2020-07-31,43.3,485.89,1685.5,386.83,723.02
2020-08-31,45.28,513.5,1781.5,415.96,790.09
2020-09-30,40.95,503.39,1737.0,409.25,757.85
2020-10-31,37.46,517.61,1820.5,424.67,787.52
2020-11-30,47.59,591.91,2014.5,468.82,889.78
2020-12-31,51.8,658.7,1978.0,533.85,904.99
2021-01-31,55.88,648.25,1987.0,541.43,874.88
2021-02-28,66.13,698.53,2202.5,566.27,962.22
2021-03-31,63.54,751.67,2212.5,610.97,1010.16
2021-04-30,67.25,918.86,2445.0,742.74,1171.61
2021-05-31,69.32,913.65,2461.5,727.02,1177.41
2021-06-30,75.13,840.92,2523.0,690.32,1113.74
2021-07-31,76.33,935.0,2624.0,779.87,1186.74
2021-08-31,72.99,910.0,2714.0,733.14,1254.88
2021-09-30,78.52,910.47,2850.75,726.28,1285.82
2021-10-31,84.38,872.37,2694.75,721.49,1229.52
2021-11-30,70.57,777.83,2634.75,653.44,1135.21
2021-12-31,77.78,761.67,2805.75,622.4,1229.61
2022-01-31,91.21,770.61,3075.0,626.0,1279.89
2022-02-28,100.99,816.84,3449.0,668.46,1442.13
2022-03-31,107.91,878.53,3502.5,724.52,1523.54
2022-04-30,109.34,810.0,3038.5,659.82,1344.91
2022-05-31,122.84,750.0,2816.25,637.23,1234.36
2022-06-30,114.81,681.05,2396.75,562.84,1068.82
2022-07-31,110.01,594.12,2451.0,508.35,1082.58
2022-08-31,96.49,564.21,2368.25,456.83,986.06
2022-09-30,87.96,568.75,2179.75,473.78,971.91
2022-10-31,94.83,516.67,2196.5,424.98,958.99
2022-11-30,85.43,550.0,2386.5,468.28,1000.83
2022-12-31,85.91,595.0,2360.25,489.71,1005.1
2023-01-31,84.49,646.67,2533.0,521.04,1111.0
2023-02-28,83.89,630.0,2299.0,512.94,1016.23
2023-03-31,79.77,637.77,2336.25,530.08,1016.33
2023-04-30,79.54,580.0,2341.0,475.36,982.11
2023-05-31,72.66,518.33,2254.75,431.75,924.87
2023-06-30,74.9,541.67,2096.25,450.81,924.11
2023-07-31,85.56,575.0,2195.25,490.66,938.51
2023-08-31,86.86,545.0,2165.25,451.73,955.35
